{"cameraMode":{"drawMode":0,"name":"Shaded","section":"Shading Mode"},"sceneLighting":true,"audioPlay":false,"sceneViewState":{"m_AlwaysRefresh":false,"showFog":true,"showSkybox":true,"showFlares":true,"showImageEffects":true,"showParticleSystems":true,"showVisualEffectGraphs":true,"m_FxEnabled":true},"in2DMode":false,"pivot":{"x":3.6784920692443849,"y":2.0136208534240724,"z":-13.669376373291016},"rotation":{"x":0.20281605422496797,"y":0.1200958713889122,"z":-0.025071483105421068,"w":0.9714997410774231},"size":3.8679826259613039,"orthographic":false}