{"cameraMode":{"drawMode":0,"name":"Shaded","section":"Shading Mode"},"sceneLighting":true,"audioPlay":false,"sceneViewState":{"m_AlwaysRefresh":false,"showFog":true,"showSkybox":true,"showFlares":true,"showImageEffects":true,"showParticleSystems":true,"showVisualEffectGraphs":true,"m_FxEnabled":false},"in2DMode":false,"pivot":{"x":0.09487958997488022,"y":0.6109790802001953,"z":35.48284149169922},"rotation":{"x":0.0029373103752732279,"y":0.9487804770469666,"z":-0.31579548120498659,"w":0.008824866265058518},"size":11.664726257324219,"orthographic":false}