{"cameraMode":{"drawMode":0,"name":"Shaded","section":"Shading Mode"},"sceneLighting":true,"audioPlay":false,"sceneViewState":{"showFog":true,"showMaterialUpdate":false,"showSkybox":true,"showFlares":true,"showImageEffects":true,"showParticleSystems":true},"in2DMode":false,"pivot":{"x":13.977997779846192,"y":-12.616498947143555,"z":18.278881072998048},"rotation":{"x":0.22080306708812715,"y":0.18449613451957704,"z":-0.04257789999246597,"w":0.9567669630050659},"size":69.2987060546875,"orthographic":false}